Exception ID,Location 1,Opened Datetime,Resolved Datetime,Duration,OpenedYear/Month,Under 12 Hours,Under 24 Hours
0,Book 1 Warehouse (8.72),2023-10-01 12:23:13,2023-10-01 19:00:15,6.617222222222222,2023-10,1,1
1,"Book 2 Warehouse (8.71,8.46,8.47)",2023-10-01 13:07:15,2023-10-01 19:01:31,5.904444444444445,2023-10,1,1
2,"Book 3 Warehouse (7.08,7.09,7.17,7.19,7.20)",2023-10-01 13:07:23,2023-10-02 15:04:23,25.95,2023-10,0,0
3,Book 4 Warehouse (8.77),2023-10-01 13:07:31,2023-10-01 18:58:38,5.851944444444444,2023-10,1,1
4,Book 5 Warehouse (7.00-7.03),2023-10-01 13:07:41,2023-10-02 15:00:57,25.887777777777778,2023-10,0,0
5,Book 6 Warehouse (1.58),2023-10-01 13:07:50,2023-10-02 14:56:39,25.81361111111111,2023-10,0,0
6,"Book 7 Warehouse (1.02,1.08,5.29)",2023-10-01 13:07:57,2023-10-02 14:53:32,25.759722222222223,2023-10,0,0
7,Book 4 Warehouse (8.77),2023-10-02 03:59:59,2023-10-02 15:11:44,11.195833333333333,2023-10,1,1
8,Book 5 Warehouse (7.00-7.03),2023-10-02 03:59:59,2023-10-02 15:01:42,11.028611111111111,2023-10,1,1
9,"Book 3 Warehouse (7.08,7.09,7.17,7.19,7.20)",2023-10-02 03:59:59,2023-10-02 15:05:06,11.085277777777778,2023-10,1,1
10,"Book 7 Warehouse (1.02,1.08,5.29)",2023-10-02 03:59:59,2023-10-02 14:54:15,10.904444444444444,2023-10,1,1
11,Book 6 Warehouse (1.58),2023-10-02 03:59:59,2023-10-02 14:57:28,10.958055555555555,2023-10,1,1
12,Book 1 Warehouse (8.72),2023-10-02 03:59:59,2023-10-02 15:09:59,11.166666666666666,2023-10,1,1
13,"Book 3 Warehouse (7.08,7.09,7.17,7.19,7.20)",2023-10-02 13:07:23,2023-10-02 15:04:23,1.95,2023-10,1,1
14,Book 5 Warehouse (7.00-7.03),2023-10-02 13:07:41,2023-10-02 15:00:57,1.8877777777777778,2023-10,1,1
15,Book 6 Warehouse (1.58),2023-10-02 13:07:50,2023-10-02 14:56:39,1.813611111111111,2023-10,1,1
16,"Book 7 Warehouse (1.02,1.08,5.29)",2023-10-02 13:07:57,2023-10-02 14:53:32,1.7597222222222222,2023-10,1,1
17,Book 1 Warehouse (8.72),2023-10-03 12:23:13,2023-10-03 14:53:15,2.5005555555555556,2023-10,1,1
18,"Book 2 Warehouse (8.71,8.46,8.47)",2023-10-03 13:07:15,2023-10-03 14:49:58,1.7119444444444445,2023-10,1,1
19,Book 4 Warehouse (8.77),2023-10-03 13:07:31,2023-10-03 14:55:49,1.805,2023-10,1,1
20,"Book 5 Production (1.94,1.97)",2023-10-06 03:59:59,2023-10-31 14:41:37,610.6938888888889,2023-10,0,0
21,"Book 2 Warehouse (8.71,8.46,8.47)",2023-10-08 13:07:15,2023-10-08 22:54:03,9.78,2023-10,1,1
22,"Book 7 Warehouse (1.02,1.08,5.29)",2023-10-08 13:07:57,2023-10-09 14:06:18,24.9725,2023-10,0,0
23,Book 4 Warehouse (8.77),2023-10-09 13:07:31,2023-10-09 14:18:19,1.18,2023-10,1,1
24,Book 5 Warehouse (7.00-7.03),2023-10-09 13:07:41,2023-10-09 14:10:22,1.0447222222222223,2023-10,1,1
25,Book 6 Warehouse (1.58),2023-10-09 13:07:50,2023-10-09 14:08:09,1.0052777777777777,2023-10,1,1
26,"Book 7 Warehouse (1.02,1.08,5.29)",2023-10-09 13:07:57,2023-10-09 14:06:18,0.9725,2023-10,1,1
27,Book 1 Warehouse (8.72),2023-10-15 12:23:13,2023-10-16 14:33:48,26.176388888888887,2023-10,0,0
28,"Book 2 Warehouse (8.71,8.46,8.47)",2023-10-15 13:07:15,2023-10-16 14:32:03,25.413333333333334,2023-10,0,0
29,"Book 3 Warehouse (7.08,7.09,7.17,7.19,7.20)",2023-10-15 13:07:23,2023-10-16 14:30:43,25.38888888888889,2023-10,0,0
30,Book 4 Warehouse (8.77),2023-10-15 13:07:31,2023-10-16 14:36:02,25.475277777777777,2023-10,0,0
31,Book 5 Warehouse (7.00-7.03),2023-10-15 13:07:41,2023-10-16 14:30:15,25.37611111111111,2023-10,0,0
32,Book 6 Warehouse (1.58),2023-10-15 13:07:50,2023-10-16 14:27:07,25.32138888888889,2023-10,0,0
33,"Book 7 Warehouse (1.02,1.08,5.29)",2023-10-15 13:07:57,2023-10-16 14:25:42,25.295833333333334,2023-10,0,0
34,Book 1 Warehouse (8.72),2023-10-16 12:23:13,2023-10-16 14:33:48,2.176388888888889,2023-10,1,1
35,"Book 2 Warehouse (8.71,8.46,8.47)",2023-10-16 13:07:15,2023-10-16 14:32:03,1.4133333333333333,2023-10,1,1
36,"Book 3 Warehouse (7.08,7.09,7.17,7.19,7.20)",2023-10-16 13:07:23,2023-10-16 14:30:43,1.3888888888888888,2023-10,1,1
37,Book 4 Warehouse (8.77),2023-10-16 13:07:31,2023-10-16 14:36:02,1.4752777777777777,2023-10,1,1
38,Book 5 Warehouse (7.00-7.03),2023-10-16 13:07:41,2023-10-16 14:30:15,1.376111111111111,2023-10,1,1
39,Book 6 Warehouse (1.58),2023-10-16 13:07:50,2023-10-16 14:27:07,1.321388888888889,2023-10,1,1
40,"Book 7 Warehouse (1.02,1.08,5.29)",2023-10-16 13:07:57,2023-10-16 14:25:42,1.2958333333333334,2023-10,1,1
41,Book 1 Warehouse (8.72),2023-10-22 12:23:13,2023-10-23 14:36:45,26.225555555555555,2023-10,0,0
42,"Book 2 Warehouse (8.71,8.46,8.47)",2023-10-22 13:07:15,2023-10-23 14:35:29,25.470555555555556,2023-10,0,0
43,"Book 3 Warehouse (7.08,7.09,7.17,7.19,7.20)",2023-10-22 13:07:23,2023-10-23 14:34:23,25.45,2023-10,0,0
44,Book 4 Warehouse (8.77),2023-10-22 13:07:31,2023-10-23 14:38:05,25.509444444444444,2023-10,0,0
45,Book 5 Warehouse (7.00-7.03),2023-10-22 13:07:41,2023-10-23 14:33:54,25.436944444444446,2023-10,0,0
46,Book 6 Warehouse (1.58),2023-10-22 13:07:50,2023-10-23 14:29:06,25.354444444444443,2023-10,0,0
47,"Book 7 Warehouse (1.02,1.08,5.29)",2023-10-22 13:07:57,2023-10-23 14:28:10,25.336944444444445,2023-10,0,0
48,Book 1 Warehouse (8.72),2023-10-23 12:23:13,2023-10-23 14:36:45,2.2255555555555557,2023-10,1,1
49,"Book 2 Warehouse (8.71,8.46,8.47)",2023-10-23 13:07:15,2023-10-23 14:35:29,1.4705555555555556,2023-10,1,1
50,"Book 3 Warehouse (7.08,7.09,7.17,7.19,7.20)",2023-10-23 13:07:23,2023-10-23 14:34:23,1.45,2023-10,1,1
51,Book 4 Warehouse (8.77),2023-10-23 13:07:31,2023-10-23 14:38:05,1.5094444444444444,2023-10,1,1
52,Book 5 Warehouse (7.00-7.03),2023-10-23 13:07:41,2023-10-23 14:33:54,1.4369444444444444,2023-10,1,1
53,Book 6 Warehouse (1.58),2023-10-23 13:07:50,2023-10-23 14:29:06,1.3544444444444443,2023-10,1,1
54,"Book 7 Warehouse (1.02,1.08,5.29)",2023-10-23 13:07:57,2023-10-23 14:28:10,1.3369444444444445,2023-10,1,1
55,Book 4 Warehouse (8.77),2023-10-29 13:07:31,2023-10-30 14:38:36,25.518055555555556,2023-10,0,0
56,"Book 7 Warehouse (1.02,1.08,5.29)",2023-10-29 13:07:57,2023-10-30 14:22:27,25.241666666666667,2023-10,0,0
57,Book 1 Warehouse (8.72),2023-10-30 12:23:13,2023-10-30 14:37:03,2.2305555555555556,2023-10,1,1
58,"Book 2 Warehouse (8.71,8.46,8.47)",2023-10-30 13:07:15,2023-10-30 14:30:32,1.3880555555555556,2023-10,1,1
59,"Book 3 Warehouse (7.08,7.09,7.17,7.19,7.20)",2023-10-30 13:07:23,2023-10-30 14:29:10,1.3630555555555555,2023-10,1,1
60,Book 4 Warehouse (8.77),2023-10-30 13:07:31,2023-10-30 14:38:36,1.5180555555555555,2023-10,1,1
61,Book 5 Warehouse (7.00-7.03),2023-10-30 13:07:41,2023-10-30 14:28:32,1.3475,2023-10,1,1
62,Book 6 Warehouse (1.58),2023-10-30 13:07:50,2023-10-30 14:23:22,1.258888888888889,2023-10,1,1
63,"Book 7 Warehouse (1.02,1.08,5.29)",2023-10-30 13:07:57,2023-10-30 14:22:27,1.2416666666666667,2023-10,1,1
64,Book 4 Warehouse (8.77),2023-11-05 14:07:31,2023-11-05 19:15:11,5.127777777777778,2023-11,1,1
65,Book 5 Warehouse (7.00-7.03),2023-11-05 14:07:41,2023-11-05 19:18:50,5.185833333333333,2023-11,1,1
66,Book 6 Warehouse (1.58),2023-11-06 14:07:50,2023-11-06 15:04:08,0.9383333333333334,2023-11,1,1
67,"Book 7 Warehouse (1.02,1.08,5.29)",2023-11-06 14:07:57,2023-11-06 15:01:50,0.8980555555555556,2023-11,1,1
68,Book 1 Warehouse (8.72),2023-11-12 13:23:13,2023-11-13 15:15:19,25.868333333333332,2023-11,0,0
69,"Book 2 Warehouse (8.71,8.46,8.47)",2023-11-12 14:07:15,2023-11-13 15:13:46,25.10861111111111,2023-11,0,0
70,"Book 3 Warehouse (7.08,7.09,7.17,7.19,7.20)",2023-11-12 14:07:23,2023-11-13 15:12:08,25.079166666666666,2023-11,0,0
71,Book 4 Warehouse (8.77),2023-11-12 14:07:31,2023-11-13 15:17:00,25.158055555555556,2023-11,0,0
72,Book 5 Warehouse (7.00-7.03),2023-11-12 14:07:41,2023-11-13 15:11:25,25.06222222222222,2023-11,0,0
73,Book 6 Warehouse (1.58),2023-11-12 14:07:50,2023-11-13 15:08:33,25.011944444444445,2023-11,0,0
74,"Book 7 Warehouse (1.02,1.08,5.29)",2023-11-12 14:07:57,2023-11-13 15:06:57,24.983333333333334,2023-11,0,0
75,Book 1 Warehouse (8.72),2023-11-13 13:23:13,2023-11-13 15:15:19,1.8683333333333334,2023-11,1,1
76,"Book 2 Warehouse (8.71,8.46,8.47)",2023-11-13 14:07:15,2023-11-13 15:13:46,1.1086111111111112,2023-11,1,1
77,"Book 3 Warehouse (7.08,7.09,7.17,7.19,7.20)",2023-11-13 14:07:23,2023-11-13 15:12:08,1.0791666666666666,2023-11,1,1
78,Book 4 Warehouse (8.77),2023-11-13 14:07:31,2023-11-13 15:17:00,1.1580555555555556,2023-11,1,1
79,Book 5 Warehouse (7.00-7.03),2023-11-13 14:07:41,2023-11-13 15:11:25,1.0622222222222222,2023-11,1,1
80,Book 6 Warehouse (1.58),2023-11-13 14:07:50,2023-11-13 15:08:33,1.0119444444444445,2023-11,1,1
81,"Book 7 Warehouse (1.02,1.08,5.29)",2023-11-13 14:07:57,2023-11-13 15:06:57,0.9833333333333333,2023-11,1,1
82,Book 1 Warehouse (8.72),2023-11-19 13:23:13,2023-11-20 16:08:23,26.752777777777776,2023-11,0,0
83,"Book 2 Warehouse (8.71,8.46,8.47)",2023-11-19 14:07:15,2023-11-20 16:04:19,25.95111111111111,2023-11,0,0
84,"Book 3 Warehouse (7.08,7.09,7.17,7.19,7.20)",2023-11-19 14:07:23,2023-11-20 16:02:53,25.925,2023-11,0,0
85,Book 4 Warehouse (8.77),2023-11-19 14:07:31,2023-11-20 16:09:38,26.03527777777778,2023-11,0,0
86,Book 5 Warehouse (7.00-7.03),2023-11-19 14:07:41,2023-11-20 16:02:17,25.91,2023-11,0,0
87,Book 6 Warehouse (1.58),2023-11-19 14:07:50,2023-11-20 15:40:58,25.552222222222223,2023-11,0,0
88,"Book 7 Warehouse (1.02,1.08,5.29)",2023-11-19 14:07:57,2023-11-20 15:39:22,25.523611111111112,2023-11,0,0
89,Book 1 Warehouse (8.72),2023-11-20 13:23:13,2023-11-20 16:08:23,2.7527777777777778,2023-11,1,1
90,"Book 2 Warehouse (8.71,8.46,8.47)",2023-11-20 14:07:15,2023-11-20 16:04:19,1.951111111111111,2023-11,1,1
91,"Book 3 Warehouse (7.08,7.09,7.17,7.19,7.20)",2023-11-20 14:07:23,2023-11-20 16:02:53,1.925,2023-11,1,1
92,Book 4 Warehouse (8.77),2023-11-20 14:07:31,2023-11-20 16:09:38,2.035277777777778,2023-11,1,1
93,Book 5 Warehouse (7.00-7.03),2023-11-20 14:07:41,2023-11-20 16:02:17,1.91,2023-11,1,1
94,Book 6 Warehouse (1.58),2023-11-20 14:07:50,2023-11-20 15:40:58,1.5522222222222222,2023-11,1,1
95,"Book 7 Warehouse (1.02,1.08,5.29)",2023-11-20 14:07:57,2023-11-20 15:39:22,1.523611111111111,2023-11,1,1
96,"Book 2 Warehouse (8.71,8.46,8.47)",2023-11-26 04:59:59,2023-11-27 15:00:58,34.01638888888889,2023-11,0,0
97,Book 1 Warehouse (8.72),2023-11-26 13:23:13,2023-11-27 15:02:45,25.65888888888889,2023-11,0,0
98,"Book 2 Warehouse (8.71,8.46,8.47)",2023-11-26 14:07:15,2023-11-27 15:01:20,24.90138888888889,2023-11,0,0
99,"Book 3 Warehouse (7.08,7.09,7.17,7.19,7.20)",2023-11-26 14:07:23,2023-11-27 14:59:03,24.86111111111111,2023-11,0,0
100,Book 4 Warehouse (8.77),2023-11-26 14:07:31,2023-11-27 15:04:11,24.944444444444443,2023-11,0,0
101,Book 5 Warehouse (7.00-7.03),2023-11-26 14:07:41,2023-11-27 14:58:33,24.84777777777778,2023-11,0,0
102,Book 6 Warehouse (1.58),2023-11-26 14:07:50,2023-11-27 14:56:06,24.804444444444446,2023-11,0,0
103,IDF/Server Room (1.92),2023-11-27 05:01:14,2023-11-27 20:30:05,15.480833333333333,2023-11,0,1
104,Book 1 Warehouse (8.72),2023-11-27 13:23:13,2023-11-27 15:02:45,1.6588888888888889,2023-11,1,1
105,"Book 2 Warehouse (8.71,8.46,8.47)",2023-11-27 14:07:15,2023-11-27 15:01:20,0.9013888888888889,2023-11,1,1
106,"Book 3 Warehouse (7.08,7.09,7.17,7.19,7.20)",2023-11-27 14:07:23,2023-11-27 14:59:03,0.8611111111111112,2023-11,1,1
107,Book 4 Warehouse (8.77),2023-11-27 14:07:31,2023-11-27 15:04:11,0.9444444444444444,2023-11,1,1
108,Book 5 Warehouse (7.00-7.03),2023-11-27 14:07:41,2023-11-27 14:58:33,0.8477777777777777,2023-11,1,1
109,Book 6 Warehouse (1.58),2023-11-27 14:07:50,2023-11-27 14:56:06,0.8044444444444444,2023-11,1,1
110,"Book 7 Warehouse (1.02,1.08,5.29)",2023-11-27 14:07:57,2023-11-27 14:53:19,0.7561111111111111,2023-11,1,1
111, IDF/Server Room (0.97),2023-11-28 05:03:10,,,2023-11,0,0
112,Book 1 Warehouse (8.72),2023-12-03 13:23:13,2023-12-04 15:19:47,25.942777777777778,2023-12,0,0
113,"Book 2 Warehouse (8.71,8.46,8.47)",2023-12-03 14:07:15,2023-12-04 15:17:35,25.17222222222222,2023-12,0,0
114,"Book 3 Warehouse (7.08,7.09,7.17,7.19,7.20)",2023-12-03 14:07:23,2023-12-04 15:16:15,25.147777777777776,2023-12,0,0
115,Book 4 Warehouse (8.77),2023-12-03 14:07:31,2023-12-04 15:21:20,25.23027777777778,2023-12,0,0
116,Book 5 Warehouse (7.00-7.03),2023-12-03 14:07:41,2023-12-04 15:15:44,25.134166666666665,2023-12,0,0
117,Book 6 Warehouse (1.58),2023-12-03 14:07:50,2023-12-04 15:12:33,25.078611111111112,2023-12,0,0
118,"Book 7 Warehouse (1.02,1.08,5.29)",2023-12-03 14:07:57,2023-12-04 15:11:39,25.061666666666667,2023-12,0,0
119,Book 1 Warehouse (8.72),2023-12-04 13:23:13,2023-12-04 15:19:47,1.9427777777777777,2023-12,1,1
120,"Book 2 Warehouse (8.71,8.46,8.47)",2023-12-04 14:07:15,2023-12-04 15:17:35,1.1722222222222223,2023-12,1,1
121,"Book 3 Warehouse (7.08,7.09,7.17,7.19,7.20)",2023-12-04 14:07:23,2023-12-04 15:16:15,1.1477777777777778,2023-12,1,1
122,Book 4 Warehouse (8.77),2023-12-04 14:07:31,2023-12-04 15:21:20,1.2302777777777778,2023-12,1,1
123,Book 5 Warehouse (7.00-7.03),2023-12-04 14:07:41,2023-12-04 15:15:44,1.1341666666666668,2023-12,1,1
124,Book 6 Warehouse (1.58),2023-12-04 14:07:50,2023-12-04 15:12:33,1.0786111111111112,2023-12,1,1
125,"Book 7 Warehouse (1.02,1.08,5.29)",2023-12-04 14:07:57,2023-12-04 15:11:39,1.0616666666666668,2023-12,1,1
126,Book 1 Warehouse (8.72),2023-12-10 13:23:13,2023-12-11 15:10:05,25.781111111111112,2023-12,0,0
127,"Book 2 Warehouse (8.71,8.46,8.47)",2023-12-10 14:07:15,2023-12-11 15:11:15,25.066666666666666,2023-12,0,0
128,"Book 3 Warehouse (7.08,7.09,7.17,7.19,7.20)",2023-12-10 14:07:23,2023-12-11 15:07:52,25.008055555555554,2023-12,0,0
129,Book 4 Warehouse (8.77),2023-12-10 14:07:31,2023-12-11 15:13:09,25.093888888888888,2023-12,0,0
130,Book 5 Warehouse (7.00-7.03),2023-12-10 14:07:41,2023-12-11 15:07:26,24.995833333333334,2023-12,0,0
131,Book 6 Warehouse (1.58),2023-12-10 14:07:50,2023-12-11 15:05:24,24.959444444444443,2023-12,0,0
132,"Book 7 Warehouse (1.02,1.08,5.29)",2023-12-10 14:07:57,2023-12-11 15:04:33,24.94333333333333,2023-12,0,0
133,Book 1 Warehouse (8.72),2023-12-11 13:23:13,2023-12-11 15:10:05,1.781111111111111,2023-12,1,1
134,"Book 2 Warehouse (8.71,8.46,8.47)",2023-12-25 14:07:15,2023-12-25 23:33:59,9.445555555555556,2023-12,1,1
135,"Book 3 Warehouse (7.08,7.09,7.17,7.19,7.20)",2023-12-25 14:07:23,2023-12-25 23:35:45,9.472777777777777,2023-12,1,1
136,Book 1 Warehouse (8.72),2023-12-31 13:23:13,2024-01-01 21:30:29,32.12111111111111,2023-12,0,0
137,"Book 2 Warehouse (8.71,8.46,8.47)",2023-12-31 14:07:15,2024-01-01 21:33:14,31.433055555555555,2023-12,0,0
138,"Book 3 Warehouse (7.08,7.09,7.17,7.19,7.20)",2023-12-31 14:07:23,2024-01-01 21:28:29,31.351666666666667,2023-12,0,0
139,Book 4 Warehouse (8.77),2023-12-31 14:07:31,2024-01-01 21:31:32,31.400277777777777,2023-12,0,0
140,Book 5 Warehouse (7.00-7.03),2023-12-31 14:07:41,2024-01-01 21:28:05,31.34,2023-12,0,0
141,Book 6 Warehouse (1.58),2023-12-31 14:07:50,2024-01-01 21:26:12,31.30611111111111,2023-12,0,0
142,"Book 7 Warehouse (1.02,1.08,5.29)",2023-12-31 14:07:57,2024-01-01 21:25:07,31.28611111111111,2023-12,0,0
143,Book 1 Warehouse (8.72),2024-01-01 13:23:13,2024-01-01 21:30:29,8.12111111111111,2024-1,1,1
144,"Book 2 Warehouse (8.71,8.46,8.47)",2024-01-01 14:07:15,2024-01-01 21:33:14,7.433055555555556,2024-1,1,1
145,"Book 3 Warehouse (7.08,7.09,7.17,7.19,7.20)",2024-01-01 14:07:23,2024-01-01 21:28:29,7.351666666666667,2024-1,1,1
146,Book 4 Warehouse (8.77),2024-01-01 14:07:31,2024-01-01 21:31:32,7.400277777777778,2024-1,1,1
147,Book 5 Warehouse (7.00-7.03),2024-01-01 14:07:41,2024-01-01 21:28:05,7.34,2024-1,1,1
148,Book 6 Warehouse (1.58),2024-01-01 14:07:50,2024-01-01 21:26:12,7.306111111111111,2024-1,1,1
149,"Book 7 Warehouse (1.02,1.08,5.29)",2024-01-01 14:07:57,2024-01-01 21:25:07,7.286111111111111,2024-1,1,1
150,Book 4 Warehouse (8.77),2024-01-02 04:59:59,2024-01-02 18:55:28,13.924722222222222,2024-1,0,1
151,"Book 3 Warehouse (7.08,7.09,7.17,7.19,7.20)",2024-01-02 04:59:59,2024-01-02 18:52:38,13.8775,2024-1,0,1
152,Book 5 Warehouse (7.00-7.03),2024-01-02 04:59:59,2024-01-02 18:52:09,13.869444444444444,2024-1,0,1
153,Book 6 Warehouse (1.58),2024-01-02 04:59:59,2024-01-02 18:48:34,13.809722222222222,2024-1,0,1
154,"Book 7 Warehouse (1.02,1.08,5.29)",2024-01-02 04:59:59,2024-01-02 18:47:28,13.79138888888889,2024-1,0,1
155,Book 1 Warehouse (8.72),2024-01-02 04:59:59,2024-01-02 18:59:11,13.986666666666666,2024-1,0,1
156,"Book 7 Warehouse (1.02,1.08,5.29)",2024-01-03 04:59:59,2024-01-03 15:46:08,10.769166666666667,2024-1,1,1
157,"Book 2 Production (8.51,8.73)",2024-01-03 04:59:59,2024-01-03 16:04:18,11.071944444444444,2024-1,1,1
158,Book 5 Warehouse (7.00-7.03),2024-01-03 04:59:59,2024-01-03 15:56:33,10.942777777777778,2024-1,1,1
159,Book 1 Warehouse (8.72),2024-01-03 04:59:59,2024-01-03 16:03:10,11.053055555555556,2024-1,1,1
160,"Book 5 Production (1.94,1.97)",2024-01-03 04:59:59,2024-01-03 15:48:07,10.802222222222222,2024-1,1,1
161,"Book 3 Warehouse (7.08,7.09,7.17,7.19,7.20)",2024-01-03 04:59:59,2024-01-03 15:57:05,10.951666666666666,2024-1,1,1
162,Book 6 Warehouse (1.58),2024-01-03 04:59:59,2024-01-03 15:49:03,10.817777777777778,2024-1,1,1
163,Book 3 Production (8.17),2024-01-03 04:59:59,2024-01-03 15:58:37,10.977222222222222,2024-1,1,1
164,Book 4 Warehouse (8.77),2024-01-03 04:59:59,2024-01-03 16:00:40,11.011388888888888,2024-1,1,1
165,Book 1 Production (8.70),2024-01-03 04:59:59,2024-01-03 15:59:45,10.99611111111111,2024-1,1,1
166,Book 1 Warehouse (8.72),2024-01-03 13:23:13,2024-01-03 16:02:28,2.654166666666667,2024-1,1,1
167,"Book 3 Warehouse (7.08,7.09,7.17,7.19,7.20)",2024-01-03 14:07:23,2024-01-03 15:57:30,1.8352777777777778,2024-1,1,1
168,Book 4 Warehouse (8.77),2024-01-03 14:07:31,2024-01-03 16:01:02,1.8919444444444444,2024-1,1,1
169,Book 6 Warehouse (1.58),2024-01-03 14:07:50,2024-01-03 15:49:20,1.6916666666666667,2024-1,1,1
170,Book 1 Warehouse (8.72),2024-01-07 13:23:13,2024-01-08 15:41:17,26.301111111111112,2024-1,0,0
171,"Book 2 Warehouse (8.71,8.46,8.47)",2024-01-07 14:07:15,2024-01-08 15:45:40,25.64027777777778,2024-1,0,0
172,"Book 3 Warehouse (7.08,7.09,7.17,7.19,7.20)",2024-01-07 14:07:23,2024-01-08 15:38:29,25.518333333333334,2024-1,0,0
173,Book 4 Warehouse (8.77),2024-01-07 14:07:31,2024-01-08 15:43:11,25.594444444444445,2024-1,0,0
174,Book 5 Warehouse (7.00-7.03),2024-01-07 14:07:41,2024-01-08 15:38:07,25.50722222222222,2024-1,0,0
175,Book 6 Warehouse (1.58),2024-01-07 14:07:50,2024-01-08 15:34:17,25.440833333333334,2024-1,0,0
176,"Book 7 Warehouse (1.02,1.08,5.29)",2024-01-07 14:07:57,2024-01-08 15:33:25,25.424444444444443,2024-1,0,0
177,Book 1 Warehouse (8.72),2024-01-08 13:23:13,2024-01-08 15:41:17,2.301111111111111,2024-1,1,1
178,"Book 2 Warehouse (8.71,8.46,8.47)",2024-01-08 14:07:15,2024-01-08 15:45:40,1.6402777777777777,2024-1,1,1
179,"Book 3 Warehouse (7.08,7.09,7.17,7.19,7.20)",2024-01-08 14:07:23,2024-01-08 15:38:29,1.5183333333333333,2024-1,1,1
180,Book 4 Warehouse (8.77),2024-01-08 14:07:31,2024-01-08 15:43:11,1.5944444444444446,2024-1,1,1
181,Book 5 Warehouse (7.00-7.03),2024-01-08 14:07:41,2024-01-08 15:38:07,1.5072222222222222,2024-1,1,1
182,Book 6 Warehouse (1.58),2024-01-08 14:07:50,2024-01-08 15:34:17,1.4408333333333334,2024-1,1,1
183,"Book 7 Warehouse (1.02,1.08,5.29)",2024-01-08 14:07:57,2024-01-08 15:33:25,1.4244444444444444,2024-1,1,1
184,Book 1 Warehouse (8.72),2024-01-14 13:23:13,2024-01-15 14:56:00,25.546388888888888,2024-1,0,0
185,"Book 2 Warehouse (8.71,8.46,8.47)",2024-01-14 14:07:15,2024-01-15 15:03:24,24.935833333333335,2024-1,0,0
186,"Book 3 Warehouse (7.08,7.09,7.17,7.19,7.20)",2024-01-14 14:07:23,2024-01-15 14:48:49,24.690555555555555,2024-1,0,0
187,Book 4 Warehouse (8.77),2024-01-14 14:07:31,2024-01-15 14:52:41,24.752777777777776,2024-1,0,0
188,Book 5 Warehouse (7.00-7.03),2024-01-14 14:07:41,2024-01-15 14:48:27,24.679444444444446,2024-1,0,0
189,Book 6 Warehouse (1.58),2024-01-14 14:07:50,2024-01-15 14:40:49,24.549722222222222,2024-1,0,0
190,"Book 7 Warehouse (1.02,1.08,5.29)",2024-01-14 14:07:57,2024-01-15 14:37:22,24.490277777777777,2024-1,0,0
191,Book 1 Warehouse (8.72),2024-01-15 13:23:13,2024-01-15 14:56:00,1.5463888888888888,2024-1,1,1
192,"Book 2 Warehouse (8.71,8.46,8.47)",2024-01-15 14:07:15,2024-01-15 15:03:24,0.9358333333333333,2024-1,1,1
193,"Book 3 Warehouse (7.08,7.09,7.17,7.19,7.20)",2024-01-15 14:07:23,2024-01-15 14:48:49,0.6905555555555556,2024-1,1,1
194,Book 4 Warehouse (8.77),2024-01-15 14:07:31,2024-01-15 14:52:41,0.7527777777777778,2024-1,1,1
195,Book 5 Warehouse (7.00-7.03),2024-01-15 14:07:41,2024-01-15 14:48:27,0.6794444444444444,2024-1,1,1
196,Book 6 Warehouse (1.58),2024-01-15 14:07:50,2024-01-15 14:40:49,0.5497222222222222,2024-1,1,1
197,"Book 7 Warehouse (1.02,1.08,5.29)",2024-01-15 14:07:57,2024-01-15 14:37:22,0.49027777777777776,2024-1,1,1
198,Book 1 Warehouse (8.72),2024-01-21 13:23:13,2024-01-22 15:12:51,25.827222222222222,2024-1,0,0
199,"Book 2 Warehouse (8.71,8.46,8.47)",2024-01-21 14:07:15,2024-01-22 15:14:45,25.125,2024-1,0,0
200,"Book 3 Warehouse (7.08,7.09,7.17,7.19,7.20)",2024-01-21 14:07:23,2024-01-22 15:08:54,25.025277777777777,2024-1,0,0
201,Book 4 Warehouse (8.77),2024-01-21 14:07:31,2024-01-22 15:11:22,25.064166666666665,2024-1,0,0
202,Book 5 Warehouse (7.00-7.03),2024-01-21 14:07:41,2024-01-22 15:08:31,25.01388888888889,2024-1,0,0
203,Book 6 Warehouse (1.58),2024-01-21 14:07:50,2024-01-22 15:06:14,24.973333333333333,2024-1,0,0
204,"Book 7 Warehouse (1.02,1.08,5.29)",2024-01-21 14:07:57,2024-01-22 15:05:25,24.95777777777778,2024-1,0,0
205,Book 1 Warehouse (8.72),2024-01-22 13:23:13,2024-01-22 15:12:51,1.8272222222222223,2024-1,1,1
206,"Book 2 Warehouse (8.71,8.46,8.47)",2024-01-22 14:07:15,2024-01-22 15:14:45,1.125,2024-1,1,1
207,"Book 3 Warehouse (7.08,7.09,7.17,7.19,7.20)",2024-01-22 14:07:23,2024-01-22 15:08:54,1.0252777777777777,2024-1,1,1
208,Book 4 Warehouse (8.77),2024-01-22 14:07:31,2024-01-22 15:11:22,1.0641666666666667,2024-1,1,1
209,Book 5 Warehouse (7.00-7.03),2024-01-22 14:07:41,2024-01-22 15:08:31,1.0138888888888888,2024-1,1,1
210,Book 6 Warehouse (1.58),2024-01-22 14:07:50,2024-01-22 15:06:14,0.9733333333333334,2024-1,1,1
211,"Book 7 Warehouse (1.02,1.08,5.29)",2024-01-22 14:07:57,2024-01-22 15:05:25,0.9577777777777777,2024-1,1,1
212,Book 1 Warehouse (8.72),2024-01-28 13:23:13,2024-01-29 15:24:46,26.025833333333335,2024-1,0,0
213,"Book 2 Warehouse (8.71,8.46,8.47)",2024-01-28 14:07:15,2024-01-29 15:25:46,25.308611111111112,2024-1,0,0
214,"Book 3 Warehouse (7.08,7.09,7.17,7.19,7.20)",2024-01-28 14:07:23,2024-01-29 15:20:11,25.213333333333335,2024-1,0,0
215,Book 4 Warehouse (8.77),2024-01-28 14:07:31,2024-01-29 15:23:27,25.265555555555554,2024-1,0,0
216,Book 5 Warehouse (7.00-7.03),2024-01-28 14:07:41,2024-01-29 15:19:42,25.200277777777778,2024-1,0,0
217,IDF/Server Room (8.33),2024-01-29 14:46:49,2024-01-29 16:49:04,2.0375,2024-1,1,1
218,IDF/Server Room (8.74),2024-01-29 14:52:04,2024-01-29 16:52:42,2.0105555555555554,2024-1,1,1
219,IDF/Server Room (8.68),2024-01-29 14:53:41,2024-01-29 16:53:59,2.005,2024-1,1,1
220,IDF/Server Room (8.07),2024-01-29 14:59:12,2024-01-29 16:57:22,1.9694444444444446,2024-1,1,1
221,IDF/Server Room (7.14),2024-01-29 15:01:51,2024-01-29 16:59:43,1.9644444444444444,2024-1,1,1
222,IDF/Server Room (1.53),2024-01-29 15:07:50,2024-01-29 17:09:53,2.0341666666666667,2024-1,1,1
223,IDF/Server Room (1.92),2024-01-29 15:11:40,2024-01-29 17:13:12,2.0255555555555556,2024-1,1,1
224,IDF/Server Room (1.68),2024-01-29 15:16:14,2024-01-29 17:06:31,1.8380555555555556,2024-1,1,1
225,IDF/Server Room (2.24/2.25),2024-01-29 15:25:40,2024-01-29 19:54:14,4.476111111111111,2024-1,1,1
226,Book 1 Warehouse (8.72),2024-02-04 13:23:13,2024-02-05 15:05:08,25.698611111111113,2024-2,0,0
227,"Book 2 Warehouse (8.71,8.46,8.47)",2024-02-04 14:07:15,2024-02-05 15:07:17,25.000555555555554,2024-2,0,0
228,"Book 3 Warehouse (7.08,7.09,7.17,7.19,7.20)",2024-02-04 14:07:23,2024-02-05 15:00:47,24.89,2024-2,0,0
229,Book 4 Warehouse (8.77),2024-02-04 14:07:31,2024-02-05 15:03:54,24.939722222222223,2024-2,0,0
230,Book 5 Warehouse (7.00-7.03),2024-02-04 14:07:41,2024-02-05 14:59:40,24.86638888888889,2024-2,0,0
231,Book 6 Warehouse (1.58),2024-02-04 14:07:50,2024-02-05 14:56:31,24.81138888888889,2024-2,0,0
232,"Book 7 Warehouse (1.02,1.08,5.29)",2024-02-04 14:07:57,2024-02-05 14:55:41,24.795555555555556,2024-2,0,0
233,Book 1 Warehouse (8.72),2024-02-05 13:23:13,2024-02-05 15:05:08,1.698611111111111,2024-2,1,1
234,"Book 2 Warehouse (8.71,8.46,8.47)",2024-02-05 14:07:15,2024-02-05 15:07:17,1.0005555555555556,2024-2,1,1
235,"Book 3 Warehouse (7.08,7.09,7.17,7.19,7.20)",2024-02-05 14:07:23,2024-02-05 15:00:47,0.89,2024-2,1,1
236,Book 4 Warehouse (8.77),2024-02-05 14:07:31,2024-02-05 15:03:54,0.9397222222222222,2024-2,1,1
237,Book 5 Warehouse (7.00-7.03),2024-02-05 14:07:41,2024-02-05 14:59:40,0.8663888888888889,2024-2,1,1
238,Book 6 Warehouse (1.58),2024-02-05 14:07:50,2024-02-05 14:56:31,0.8113888888888889,2024-2,1,1
239,"Book 7 Warehouse (1.02,1.08,5.29)",2024-02-05 14:07:57,2024-02-05 14:55:41,0.7955555555555556,2024-2,1,1
240,Book 1 Warehouse (8.72),2024-02-11 13:23:13,2024-02-12 15:07:55,25.745,2024-2,0,0
241,"Book 2 Warehouse (8.71,8.46,8.47)",2024-02-11 14:07:15,2024-02-12 15:09:02,25.029722222222222,2024-2,0,0
242,"Book 3 Warehouse (7.08,7.09,7.17,7.19,7.20)",2024-02-11 14:07:23,2024-02-12 15:02:15,24.914444444444445,2024-2,0,0
243,Book 4 Warehouse (8.77),2024-02-11 14:07:31,2024-02-12 15:06:27,24.982222222222223,2024-2,0,0
244,Book 5 Warehouse (7.00-7.03),2024-02-11 14:07:41,2024-02-12 15:01:47,24.901666666666667,2024-2,0,0
245,Book 6 Warehouse (1.58),2024-02-11 14:07:50,2024-02-12 14:57:52,24.83388888888889,2024-2,0,0
246,"Book 7 Warehouse (1.02,1.08,5.29)",2024-02-11 14:07:57,2024-02-12 14:56:57,24.816666666666666,2024-2,0,0
247,Book 1 Warehouse (8.72),2024-02-12 13:23:13,2024-02-12 15:07:55,1.745,2024-2,1,1
248,"Book 2 Warehouse (8.71,8.46,8.47)",2024-02-12 14:07:15,2024-02-12 15:09:02,1.0297222222222222,2024-2,1,1
249,"Book 3 Warehouse (7.08,7.09,7.17,7.19,7.20)",2024-02-12 14:07:23,2024-02-12 15:02:15,0.9144444444444444,2024-2,1,1
250,Book 4 Warehouse (8.77),2024-02-12 14:07:31,2024-02-12 15:06:27,0.9822222222222222,2024-2,1,1
251,Book 6 Warehouse (1.58),2024-02-12 14:07:50,2024-02-12 14:57:52,0.8338888888888889,2024-2,1,1
252,"Book 7 Warehouse (1.02,1.08,5.29)",2024-02-12 14:07:57,2024-02-12 14:56:57,0.8166666666666667,2024-2,1,1
253,Book 1 Warehouse (8.72),2024-02-26 13:23:13,2024-02-26 15:22:18,1.9847222222222223,2024-2,1,1
254,"Book 2 Warehouse (8.71,8.46,8.47)",2024-02-26 14:07:15,2024-02-26 15:23:24,1.2691666666666668,2024-2,1,1
255,"Book 3 Warehouse (7.08,7.09,7.17,7.19,7.20)",2024-02-26 14:07:23,2024-02-26 15:14:21,1.116111111111111,2024-2,1,1
256,Book 4 Warehouse (8.77),2024-02-26 14:07:31,2024-02-26 15:20:05,1.2094444444444445,2024-2,1,1
257,Book 5 Warehouse (7.00-7.03),2024-02-26 14:07:41,2024-02-26 15:13:58,1.1047222222222222,2024-2,1,1
258,Book 6 Warehouse (1.58),2024-02-26 14:07:50,2024-02-26 15:11:18,1.0577777777777777,2024-2,1,1
259,"Book 7 Warehouse (1.02,1.08,5.29)",2024-02-26 14:07:57,2024-02-26 15:09:43,1.0294444444444444,2024-2,1,1
260,IDF/Server Room (9.44),2024-02-29 16:35:28,2024-02-29 20:04:23,3.4819444444444443,2024-2,1,1
261,IDF/Server Room (2.24/2.25),2024-02-29 19:54:15,2024-02-29 19:57:37,0.05611111111111111,2024-2,1,1
262,Book 1 Warehouse (8.72),2024-03-01 15:21:35,2024-03-01 15:44:52,0.38805555555555554,2024-3,1,1
263,"Book 2 Warehouse (8.71,8.46,8.47)",2024-03-03 14:07:15,2024-03-04 15:23:43,25.274444444444445,2024-3,0,0
264,"Book 3 Warehouse (7.08,7.09,7.17,7.19,7.20)",2024-03-03 14:07:23,2024-03-04 15:16:42,25.155277777777776,2024-3,0,0
265,Book 4 Warehouse (8.77),2024-03-03 14:07:31,2024-03-04 15:19:20,25.196944444444444,2024-3,0,0
266,Book 5 Warehouse (7.00-7.03),2024-03-03 14:07:41,2024-03-04 15:16:08,25.140833333333333,2024-3,0,0
267,Book 6 Warehouse (1.58),2024-03-03 14:07:50,2024-03-04 15:12:58,25.085555555555555,2024-3,0,0
268,"Book 7 Warehouse (1.02,1.08,5.29)",2024-03-03 14:07:57,2024-03-04 15:12:01,25.067777777777778,2024-3,0,0
269,Book 1 Warehouse (8.72),2024-03-03 15:21:35,2024-03-04 15:21:53,24.005,2024-3,0,0
270,"Book 2 Warehouse (8.71,8.46,8.47)",2024-03-04 14:07:15,2024-03-04 15:23:43,1.2744444444444445,2024-3,1,1
271,"Book 3 Warehouse (7.08,7.09,7.17,7.19,7.20)",2024-03-04 14:07:23,2024-03-04 15:16:42,1.1552777777777778,2024-3,1,1
272,Book 4 Warehouse (8.77),2024-03-04 14:07:31,2024-03-04 15:19:20,1.1969444444444444,2024-3,1,1
273,Book 5 Warehouse (7.00-7.03),2024-03-04 14:07:41,2024-03-04 15:16:08,1.1408333333333334,2024-3,1,1
274,Book 6 Warehouse (1.58),2024-03-04 14:07:50,2024-03-04 15:12:58,1.0855555555555556,2024-3,1,1
275,"Book 7 Warehouse (1.02,1.08,5.29)",2024-03-04 14:07:57,2024-03-04 15:12:01,1.0677777777777777,2024-3,1,1
276,Book 1 Warehouse (8.72),2024-03-04 15:21:35,2024-03-05 15:20:31,23.982222222222223,2024-3,0,1
277,"Book 2 Warehouse (8.71,8.46,8.47)",2024-03-10 13:07:15,2024-03-11 14:02:02,24.913055555555555,2024-3,0,0
278,"Book 3 Warehouse (7.08,7.09,7.17,7.19,7.20)",2024-03-10 13:07:23,2024-03-11 13:56:38,24.820833333333333,2024-3,0,0
279,Book 4 Warehouse (8.77),2024-03-10 13:07:31,2024-03-11 13:59:06,24.85972222222222,2024-3,0,0
280,Book 5 Warehouse (7.00-7.03),2024-03-10 13:07:41,2024-03-11 13:56:08,24.8075,2024-3,0,0
281,Book 6 Warehouse (1.58),2024-03-10 13:07:50,2024-03-11 13:52:37,24.746388888888887,2024-3,0,0
282,"Book 7 Warehouse (1.02,1.08,5.29)",2024-03-10 13:07:57,2024-03-11 13:50:48,24.714166666666667,2024-3,0,0
283,Book 1 Warehouse (8.72),2024-03-10 14:21:55,2024-03-11 14:01:05,23.65277777777778,2024-3,0,1
284,"Book 2 Warehouse (8.71,8.46,8.47)",2024-03-11 13:07:15,2024-03-11 14:02:02,0.9130555555555555,2024-3,1,1
285,"Book 3 Warehouse (7.08,7.09,7.17,7.19,7.20)",2024-03-11 13:07:23,2024-03-11 13:56:38,0.8208333333333333,2024-3,1,1
286,Book 4 Warehouse (8.77),2024-03-11 13:07:31,2024-03-11 13:59:06,0.8597222222222223,2024-3,1,1
287,Book 5 Warehouse (7.00-7.03),2024-03-11 13:07:41,2024-03-11 13:56:08,0.8075,2024-3,1,1
288,Book 6 Warehouse (1.58),2024-03-11 13:07:50,2024-03-11 13:52:37,0.7463888888888889,2024-3,1,1
289,"Book 7 Warehouse (1.02,1.08,5.29)",2024-03-11 13:07:57,2024-03-11 13:50:48,0.7141666666666666,2024-3,1,1
290,Book 1 Warehouse (8.72),2024-03-12 14:21:55,2024-03-12 14:23:52,0.0325,2024-3,1,1
291,"Book 2 Warehouse (8.71,8.46,8.47)",2024-03-17 13:07:15,2024-03-18 14:18:20,25.184722222222224,2024-3,0,0
292,"Book 3 Warehouse (7.08,7.09,7.17,7.19,7.20)",2024-03-17 13:07:23,2024-03-18 14:13:10,25.09638888888889,2024-3,0,0
293,Book 4 Warehouse (8.77),2024-03-17 13:07:31,2024-03-18 14:15:51,25.13888888888889,2024-3,0,0
294,Book 5 Warehouse (7.00-7.03),2024-03-17 13:07:41,2024-03-18 14:12:43,25.08388888888889,2024-3,0,0
295,Book 6 Warehouse (1.58),2024-03-17 13:07:50,2024-03-18 14:06:52,24.983888888888888,2024-3,0,0
296,"Book 7 Warehouse (1.02,1.08,5.29)",2024-03-17 13:07:57,2024-03-18 14:05:02,24.95138888888889,2024-3,0,0
297,Book 1 Warehouse (8.72),2024-03-17 14:21:55,2024-03-18 14:17:14,23.921944444444446,2024-3,0,1
298,"Book 2 Warehouse (8.71,8.46,8.47)",2024-03-18 13:07:15,2024-03-18 14:18:20,1.1847222222222222,2024-3,1,1
299,"Book 3 Warehouse (7.08,7.09,7.17,7.19,7.20)",2024-03-18 13:07:23,2024-03-18 14:13:10,1.0963888888888889,2024-3,1,1
300,Book 4 Warehouse (8.77),2024-03-18 13:07:31,2024-03-18 14:15:51,1.1388888888888888,2024-3,1,1
301,Book 5 Warehouse (7.00-7.03),2024-03-18 13:07:41,2024-03-18 14:12:43,1.083888888888889,2024-3,1,1
302,Book 6 Warehouse (1.58),2024-03-18 13:07:50,2024-03-18 14:06:52,0.9838888888888889,2024-3,1,1
303,"Book 7 Warehouse (1.02,1.08,5.29)",2024-03-18 13:07:57,2024-03-18 14:05:02,0.9513888888888888,2024-3,1,1
304,Book 1 Warehouse (8.72),2024-03-19 14:21:55,2024-03-19 14:24:54,0.04972222222222222,2024-3,1,1
305,Book 1 Warehouse (8.72),2024-03-23 14:21:55,2024-03-25 14:15:52,47.899166666666666,2024-3,0,0
306,"Book 2 Warehouse (8.71,8.46,8.47)",2024-03-24 13:07:15,2024-03-25 14:18:18,25.184166666666666,2024-3,0,0
307,"Book 3 Warehouse (7.08,7.09,7.17,7.19,7.20)",2024-03-24 13:07:23,2024-03-25 14:11:24,25.066944444444445,2024-3,0,0
308,Book 4 Warehouse (8.77),2024-03-24 13:07:31,2024-03-25 14:13:46,25.104166666666668,2024-3,0,0
309,Book 5 Warehouse (7.00-7.03),2024-03-24 13:07:41,2024-03-25 14:10:51,25.052777777777777,2024-3,0,0
310,Book 6 Warehouse (1.58),2024-03-24 13:07:50,2024-03-25 14:07:41,24.9975,2024-3,0,0
311,"Book 7 Warehouse (1.02,1.08,5.29)",2024-03-24 13:07:57,2024-03-25 14:06:07,24.969444444444445,2024-3,0,0
312,Book 1 Warehouse (8.72),2024-03-24 14:21:55,2024-03-25 14:15:52,23.899166666666666,2024-3,0,1
313,IDF/Server Room (8.68),2024-03-29 13:10:32,2024-03-29 14:41:50,1.5216666666666667,2024-3,1,1
314,IDF/Server Room (8.07),2024-03-29 13:13:45,2024-03-29 14:45:17,1.5255555555555556,2024-3,1,1
315,IDF/Server Room (7.14),2024-03-29 13:15:51,2024-03-29 14:47:03,1.52,2024-3,1,1
316,IDF/Server Room (1.68),2024-03-29 13:22:14,2024-03-29 14:55:34,1.5555555555555556,2024-3,1,1
317,IDF/Server Room (1.53),2024-03-29 13:25:40,2024-03-29 14:58:23,1.5452777777777778,2024-3,1,1
318,IDF/Server Room (1.92),2024-03-29 13:28:32,2024-03-29 15:01:04,1.5422222222222222,2024-3,1,1
319,IDF/Server Room (9.44),2024-03-29 19:04:25,,,2024-3,0,0
320,Book 4 Warehouse (8.77),2024-03-31 13:07:31,2024-04-01 14:15:20,25.130277777777778,2024-3,0,0
321,Book 1 Warehouse (8.72),2024-03-31 14:21:55,2024-04-01 14:16:50,23.915277777777778,2024-3,0,1
322,"Book 2 Warehouse (8.71,8.46,8.47)",2024-04-01 13:07:15,2024-04-01 14:17:47,1.1755555555555555,2024-4,1,1
323,"Book 3 Warehouse (7.08,7.09,7.17,7.19,7.20)",2024-04-01 13:07:23,2024-04-01 14:13:02,1.0941666666666667,2024-4,1,1
324,Book 4 Warehouse (8.77),2024-04-01 13:07:31,2024-04-01 14:15:20,1.1302777777777777,2024-4,1,1
325,Book 5 Warehouse (7.00-7.03),2024-04-01 13:07:41,2024-04-01 14:12:38,1.0825,2024-4,1,1
326,Book 6 Warehouse (1.58),2024-04-01 13:07:50,2024-04-01 14:09:46,1.0322222222222222,2024-4,1,1
327,"Book 7 Warehouse (1.02,1.08,5.29)",2024-04-01 13:07:57,2024-04-01 14:09:03,1.0183333333333333,2024-4,1,1
328,"Book 3 Warehouse (7.08,7.09,7.17,7.19,7.20)",2024-04-02 03:59:59,2024-04-02 13:55:13,9.920555555555556,2024-4,1,1
329,Book 4 Warehouse (8.77),2024-04-02 03:59:59,2024-04-02 14:01:22,10.023055555555555,2024-4,1,1
330,Book 1 Warehouse (8.72),2024-04-02 03:59:59,2024-04-02 14:04:05,10.068333333333333,2024-4,1,1
331,Book 6 Warehouse (1.58),2024-04-02 03:59:59,2024-04-02 13:46:41,9.778333333333334,2024-4,1,1
332,"Book 7 Warehouse (1.02,1.08,5.29)",2024-04-02 03:59:59,2024-04-02 13:44:53,9.748333333333333,2024-4,1,1
333,Book 5 Warehouse (7.00-7.03),2024-04-02 03:59:59,2024-04-02 13:54:06,9.901944444444444,2024-4,1,1
334,Book 1 Warehouse (8.72),2024-04-05 14:21:55,2024-04-08 14:51:01,72.485,2024-4,0,0
335,Book 6 Production (1.95),2024-04-06 03:59:59,2024-04-08 14:39:42,58.661944444444444,2024-4,0,0
336,Book 1 Production (8.70),2024-04-06 03:59:59,2024-04-08 14:52:00,58.86694444444444,2024-4,0,0
337,Book 3 Production (8.17),2024-04-06 03:59:59,2024-04-08 14:47:49,58.797222222222224,2024-4,0,0
338,"Book 4 Production (1.18,1.20,1.50)",2024-04-06 03:59:59,2024-04-08 14:34:36,58.57694444444444,2024-4,0,0
339,"Book 2 Warehouse (8.71,8.46,8.47)",2024-04-06 03:59:59,2024-04-08 14:54:28,58.908055555555556,2024-4,0,0
340,"Book 5 Production (1.94,1.97)",2024-04-06 03:59:59,2024-04-08 14:40:27,58.67444444444445,2024-4,0,0
341,"Book 2 Production (8.51,8.73)",2024-04-06 03:59:59,2024-04-08 14:53:25,58.89055555555556,2024-4,0,0
342,"Book 2 Warehouse (8.71,8.46,8.47)",2024-04-06 13:07:15,2024-04-08 14:54:10,49.78194444444444,2024-4,0,0
343,"Book 3 Warehouse (7.08,7.09,7.17,7.19,7.20)",2024-04-06 13:07:23,2024-04-08 14:45:23,49.63333333333333,2024-4,0,0
344,Book 4 Warehouse (8.77),2024-04-06 13:07:31,2024-04-08 14:49:32,49.70027777777778,2024-4,0,0
345,Book 5 Warehouse (7.00-7.03),2024-04-06 13:07:41,2024-04-08 14:44:53,49.62,2024-4,0,0
346,Book 6 Warehouse (1.58),2024-04-06 13:07:50,2024-04-08 14:41:31,49.56138888888889,2024-4,0,0
347,"Book 7 Warehouse (1.02,1.08,5.29)",2024-04-06 13:07:57,2024-04-08 14:33:57,49.43333333333333,2024-4,0,0
348,Book 1 Warehouse (8.72),2024-04-06 14:21:55,2024-04-08 14:51:01,48.485,2024-4,0,0
349,"Book 2 Warehouse (8.71,8.46,8.47)",2024-04-07 13:07:15,2024-04-08 14:54:10,25.781944444444445,2024-4,0,0
350,"Book 3 Warehouse (7.08,7.09,7.17,7.19,7.20)",2024-04-07 13:07:23,2024-04-08 14:45:23,25.633333333333333,2024-4,0,0
351,Book 4 Warehouse (8.77),2024-04-07 13:07:31,2024-04-08 14:49:32,25.700277777777778,2024-4,0,0
352,Book 5 Warehouse (7.00-7.03),2024-04-07 13:07:41,2024-04-08 14:44:53,25.62,2024-4,0,0
353,Book 6 Warehouse (1.58),2024-04-07 13:07:50,2024-04-08 14:41:31,25.56138888888889,2024-4,0,0
354,"Book 7 Warehouse (1.02,1.08,5.29)",2024-04-07 13:07:57,2024-04-08 14:33:57,25.433333333333334,2024-4,0,0
355,Book 1 Warehouse (8.72),2024-04-07 14:21:55,2024-04-08 14:51:01,24.485,2024-4,0,0
356,"Book 2 Warehouse (8.71,8.46,8.47)",2024-04-08 13:07:15,2024-04-08 14:54:10,1.7819444444444446,2024-4,1,1
357,"Book 3 Warehouse (7.08,7.09,7.17,7.19,7.20)",2024-04-08 13:07:23,2024-04-08 14:45:23,1.6333333333333333,2024-4,1,1
358,Book 4 Warehouse (8.77),2024-04-08 13:07:31,2024-04-08 14:49:32,1.7002777777777778,2024-4,1,1
359,Book 5 Warehouse (7.00-7.03),2024-04-08 13:07:41,2024-04-08 14:44:53,1.62,2024-4,1,1
360,Book 6 Warehouse (1.58),2024-04-08 13:07:50,2024-04-08 14:41:31,1.561388888888889,2024-4,1,1
361,"Book 7 Warehouse (1.02,1.08,5.29)",2024-04-08 13:07:57,2024-04-08 14:33:57,1.4333333333333333,2024-4,1,1
362,Book 1 Warehouse (8.72),2024-04-08 14:21:55,2024-04-08 14:51:01,0.485,2024-4,1,1
363,Book 1 Warehouse (8.72),2024-04-11 14:21:55,2024-04-11 15:13:49,0.865,2024-4,1,1
364,"Book 2 Warehouse (8.71,8.46,8.47)",2024-04-14 13:07:15,2024-04-15 13:50:53,24.727222222222224,2024-4,0,0
365,"Book 3 Warehouse (7.08,7.09,7.17,7.19,7.20)",2024-04-14 13:07:23,2024-04-15 13:46:05,24.645,2024-4,0,0
366,Book 4 Warehouse (8.77),2024-04-14 13:07:31,2024-04-15 13:48:19,24.68,2024-4,0,0
367,Book 5 Warehouse (7.00-7.03),2024-04-14 13:07:41,2024-04-15 13:45:42,24.63361111111111,2024-4,0,0
368,Book 6 Warehouse (1.58),2024-04-14 13:07:50,2024-04-15 13:42:52,24.58388888888889,2024-4,0,0
369,"Book 7 Warehouse (1.02,1.08,5.29)",2024-04-14 13:07:57,2024-04-15 13:42:01,24.567777777777778,2024-4,0,0
370,Book 1 Warehouse (8.72),2024-04-14 14:21:55,2024-04-15 13:49:55,23.466666666666665,2024-4,0,1
371,Book 4 Warehouse (8.77),2024-04-15 13:07:31,2024-04-15 13:48:19,0.68,2024-4,1,1
372,Book 5 Warehouse (7.00-7.03),2024-04-15 13:07:41,2024-04-15 13:45:42,0.6336111111111111,2024-4,1,1
373,"Book 7 Warehouse (1.02,1.08,5.29)",2024-04-15 13:07:57,2024-04-15 13:42:01,0.5677777777777778,2024-4,1,1
374,Book 4 Warehouse (8.77),2024-04-28 13:07:31,2024-04-29 13:45:45,24.63722222222222,2024-4,0,0
375,Book 1 Warehouse (8.72),2024-04-28 14:21:55,2024-04-29 13:51:25,23.491666666666667,2024-4,0,1
376,"Book 2 Warehouse (8.71,8.46,8.47)",2024-04-29 13:07:15,2024-04-29 13:52:39,0.7566666666666667,2024-4,1,1
377,"Book 3 Warehouse (7.08,7.09,7.17,7.19,7.20)",2024-04-29 13:07:23,2024-04-29 13:57:45,0.8394444444444444,2024-4,1,1
378,Book 4 Warehouse (8.77),2024-04-29 13:07:31,2024-04-29 13:45:45,0.6372222222222222,2024-4,1,1
379,Book 5 Warehouse (7.00-7.03),2024-04-29 13:07:41,2024-04-29 14:02:48,0.9186111111111112,2024-4,1,1
380,Book 6 Warehouse (1.58),2024-04-29 13:07:50,2024-04-29 14:08:24,1.0094444444444444,2024-4,1,1
381,"Book 7 Warehouse (1.02,1.08,5.29)",2024-04-29 13:07:57,2024-04-29 14:11:38,1.061388888888889,2024-4,1,1
382,IDF/Server Room (2.24/2.25),2024-04-29 13:47:24,2024-04-29 19:46:50,5.990555555555556,2024-4,1,1
383,"Book 2 Warehouse (8.71,8.46,8.47)",2024-05-05 13:07:15,2024-05-06 14:51:30,25.7375,2024-5,0,0
384,"Book 3 Warehouse (7.08,7.09,7.17,7.19,7.20)",2024-05-05 13:07:23,2024-05-06 14:46:55,25.65888888888889,2024-5,0,0
385,Book 4 Warehouse (8.77),2024-05-05 13:07:31,2024-05-06 14:49:16,25.695833333333333,2024-5,0,0
386,Book 5 Warehouse (7.00-7.03),2024-05-05 13:07:41,2024-05-06 14:46:28,25.64638888888889,2024-5,0,0
387,Book 6 Warehouse (1.58),2024-05-05 13:07:50,2024-05-06 14:42:42,25.58111111111111,2024-5,0,0
388,"Book 7 Warehouse (1.02,1.08,5.29)",2024-05-05 13:07:57,2024-05-06 14:41:54,25.565833333333334,2024-5,0,0
389,Book 1 Warehouse (8.72),2024-05-05 14:21:55,2024-05-06 14:50:33,24.477222222222224,2024-5,0,0
390,"Book 2 Warehouse (8.71,8.46,8.47)",2024-05-06 13:07:15,2024-05-06 14:51:30,1.7375,2024-5,1,1
391,"Book 3 Warehouse (7.08,7.09,7.17,7.19,7.20)",2024-05-06 13:07:23,2024-05-06 14:46:55,1.6588888888888889,2024-5,1,1
392,Book 4 Warehouse (8.77),2024-05-06 13:07:31,2024-05-06 14:49:16,1.6958333333333333,2024-5,1,1
393,Book 5 Warehouse (7.00-7.03),2024-05-06 13:07:41,2024-05-06 14:46:28,1.646388888888889,2024-5,1,1
394,Book 6 Warehouse (1.58),2024-05-06 13:07:50,2024-05-06 14:42:42,1.5811111111111111,2024-5,1,1
395,"Book 7 Warehouse (1.02,1.08,5.29)",2024-05-06 13:07:57,2024-05-06 14:41:54,1.5658333333333334,2024-5,1,1
396,Book 1 Warehouse (8.72),2024-05-06 14:21:55,2024-05-06 14:50:33,0.4772222222222222,2024-5,1,1
397,"Book 2 Warehouse (8.71,8.46,8.47)",2024-05-13 13:07:15,2024-05-13 14:30:11,1.3822222222222222,2024-5,1,1
398,"Book 3 Warehouse (7.08,7.09,7.17,7.19,7.20)",2024-05-13 13:07:23,2024-05-13 14:23:07,1.2622222222222221,2024-5,1,1
399,Book 4 Warehouse (8.77),2024-05-13 13:07:31,2024-05-13 14:27:59,1.3411111111111111,2024-5,1,1
400,Book 5 Warehouse (7.00-7.03),2024-05-13 13:07:41,2024-05-13 14:22:39,1.2494444444444444,2024-5,1,1
401,"Book 2 Warehouse (8.71,8.46,8.47)",2024-05-27 13:07:15,2024-05-27 20:10:47,7.058888888888889,2024-5,1,1
402,"Book 3 Warehouse (7.08,7.09,7.17,7.19,7.20)",2024-05-27 13:07:23,2024-05-27 20:15:53,7.141666666666667,2024-5,1,1
403,Book 4 Warehouse (8.77),2024-05-27 13:07:31,2024-05-27 20:13:29,7.099444444444444,2024-5,1,1
404,Book 5 Warehouse (7.00-7.03),2024-05-27 13:07:41,2024-05-27 20:16:20,7.144166666666667,2024-5,1,1
405,Book 6 Warehouse (1.58),2024-05-27 13:07:50,2024-05-27 20:18:44,7.181666666666667,2024-5,1,1
406,"Book 7 Warehouse (1.02,1.08,5.29)",2024-05-27 14:12:47,2024-05-27 20:19:56,6.119166666666667,2024-5,1,1
407,Book 1 Warehouse (8.72),2024-05-27 14:21:55,2024-05-27 20:12:15,5.838888888888889,2024-5,1,1
408,"Book 2 Warehouse (8.71,8.46,8.47)",2024-05-29 13:07:15,2024-05-29 13:50:23,0.7188888888888889,2024-5,1,1
409,"Book 3 Warehouse (7.08,7.09,7.17,7.19,7.20)",2024-05-29 13:07:23,2024-05-29 13:43:43,0.6055555555555555,2024-5,1,1
410,Book 6 Warehouse (1.58),2024-06-02 03:59:59,2024-06-03 15:07:12,35.12027777777778,2024-6,0,0
411,"Book 7 Warehouse (1.02,1.08,5.29)",2024-06-02 03:59:59,2024-06-03 15:06:06,35.10194444444444,2024-6,0,0
412,Book 1 Warehouse (8.72),2024-06-02 03:59:59,2024-06-03 15:37:02,35.6175,2024-6,0,0
413,Book 5 Warehouse (7.00-7.03),2024-06-02 03:59:59,2024-06-03 15:11:07,35.18555555555555,2024-6,0,0
414,Book 4 Warehouse (8.77),2024-06-02 03:59:59,2024-06-03 15:38:59,35.65,2024-6,0,0
415,"Book 2 Warehouse (8.71,8.46,8.47)",2024-06-02 13:07:15,2024-06-03 15:27:59,26.345555555555556,2024-6,0,0
416,"Book 3 Warehouse (7.08,7.09,7.17,7.19,7.20)",2024-06-02 13:07:23,2024-06-03 15:11:44,26.0725,2024-6,0,0
417,Book 4 Warehouse (8.77),2024-06-02 13:07:31,2024-06-03 15:38:47,26.52111111111111,2024-6,0,0
418,Book 5 Warehouse (7.00-7.03),2024-06-02 13:07:41,2024-06-03 15:10:43,26.050555555555555,2024-6,0,0
419,Book 6 Warehouse (1.58),2024-06-02 13:07:50,2024-06-03 15:06:57,25.985277777777778,2024-6,0,0
420,"Book 7 Warehouse (1.02,1.08,5.29)",2024-06-02 14:12:47,2024-06-03 15:04:38,24.864166666666666,2024-6,0,0
421,Book 1 Warehouse (8.72),2024-06-02 14:21:55,2024-06-03 15:36:26,25.241944444444446,2024-6,0,0
422,"Book 2 Warehouse (8.71,8.46,8.47)",2024-06-03 13:07:15,2024-06-03 15:27:59,2.3455555555555554,2024-6,1,1
423,"Book 3 Warehouse (7.08,7.09,7.17,7.19,7.20)",2024-06-03 13:07:23,2024-06-03 15:11:44,2.0725,2024-6,1,1
424,Book 4 Warehouse (8.77),2024-06-03 13:07:31,2024-06-03 15:38:47,2.5211111111111113,2024-6,1,1
425,Book 5 Warehouse (7.00-7.03),2024-06-03 13:07:41,2024-06-03 15:10:43,2.0505555555555555,2024-6,1,1
426,Book 6 Warehouse (1.58),2024-06-03 13:07:50,2024-06-03 15:06:57,1.9852777777777777,2024-6,1,1
427,"Book 7 Warehouse (1.02,1.08,5.29)",2024-06-03 14:12:47,2024-06-03 15:04:38,0.8641666666666666,2024-6,1,1
428,Book 1 Warehouse (8.72),2024-06-03 14:21:55,2024-06-03 15:36:26,1.2419444444444445,2024-6,1,1
429,"Book 2 Warehouse (8.71,8.46,8.47)",2024-06-09 13:07:15,2024-06-10 14:41:58,25.578611111111112,2024-6,0,0
430,"Book 3 Warehouse (7.08,7.09,7.17,7.19,7.20)",2024-06-09 13:07:23,2024-06-10 14:46:04,25.64472222222222,2024-6,0,0
431,Book 4 Warehouse (8.77),2024-06-09 13:07:31,2024-06-10 14:43:45,25.60388888888889,2024-6,0,0
432,Book 5 Warehouse (7.00-7.03),2024-06-09 13:07:41,2024-06-10 14:46:29,25.64666666666667,2024-6,0,0
433,Book 6 Warehouse (1.58),2024-06-09 13:07:50,2024-06-10 14:49:31,25.69472222222222,2024-6,0,0
434,"Book 7 Warehouse (1.02,1.08,5.29)",2024-06-09 14:12:47,2024-06-10 14:50:22,24.62638888888889,2024-6,0,0
435,Book 1 Warehouse (8.72),2024-06-09 14:21:55,2024-06-10 14:40:50,24.315277777777776,2024-6,0,0
436,"Book 2 Warehouse (8.71,8.46,8.47)",2024-06-10 13:07:15,2024-06-10 14:41:58,1.5786111111111112,2024-6,1,1
437,"Book 3 Warehouse (7.08,7.09,7.17,7.19,7.20)",2024-06-10 13:07:23,2024-06-10 14:46:04,1.6447222222222222,2024-6,1,1
438,Book 4 Warehouse (8.77),2024-06-10 13:07:31,2024-06-10 14:43:45,1.603888888888889,2024-6,1,1
439,Book 5 Warehouse (7.00-7.03),2024-06-10 13:07:41,2024-06-10 14:46:29,1.6466666666666667,2024-6,1,1
440,Book 6 Warehouse (1.58),2024-06-10 13:07:50,2024-06-10 14:49:31,1.6947222222222222,2024-6,1,1
441,"Book 7 Warehouse (1.02,1.08,5.29)",2024-06-10 14:12:47,2024-06-10 14:50:22,0.6263888888888889,2024-6,1,1
442,Book 1 Warehouse (8.72),2024-06-10 14:21:55,2024-06-10 14:40:50,0.31527777777777777,2024-6,1,1
443,"Book 2 Warehouse (8.71,8.46,8.47)",2024-06-16 13:07:15,2024-06-17 14:11:37,25.072777777777777,2024-6,0,0
444,"Book 3 Warehouse (7.08,7.09,7.17,7.19,7.20)",2024-06-16 13:07:23,2024-06-17 14:19:04,25.19472222222222,2024-6,0,0
445,Book 4 Warehouse (8.77),2024-06-16 13:07:31,2024-06-17 14:14:19,25.113333333333333,2024-6,0,0
446,Book 5 Warehouse (7.00-7.03),2024-06-16 13:07:41,2024-06-17 14:19:37,25.198888888888888,2024-6,0,0
447,Book 6 Warehouse (1.58),2024-06-16 13:07:50,2024-06-17 14:22:59,25.2525,2024-6,0,0
448,"Book 7 Warehouse (1.02,1.08,5.29)",2024-06-16 14:12:47,2024-06-17 14:27:11,24.24,2024-6,0,0
449,Book 1 Warehouse (8.72),2024-06-16 14:21:55,2024-06-17 14:09:56,23.80027777777778,2024-6,0,1
450,"Book 2 Warehouse (8.71,8.46,8.47)",2024-06-17 13:07:15,2024-06-17 14:11:37,1.0727777777777778,2024-6,1,1
451,"Book 3 Warehouse (7.08,7.09,7.17,7.19,7.20)",2024-06-17 13:07:23,2024-06-17 14:19:04,1.1947222222222222,2024-6,1,1
452,Book 4 Warehouse (8.77),2024-06-17 13:07:31,2024-06-17 14:14:19,1.1133333333333333,2024-6,1,1
453,Book 5 Warehouse (7.00-7.03),2024-06-17 13:07:41,2024-06-17 14:19:37,1.198888888888889,2024-6,1,1
454,Book 6 Warehouse (1.58),2024-06-17 13:07:50,2024-06-17 14:22:59,1.2525,2024-6,1,1
455,"Book 7 Warehouse (1.02,1.08,5.29)",2024-06-17 14:12:47,2024-06-17 14:27:11,0.24,2024-6,1,1
456,"Book 2 Warehouse (8.71,8.46,8.47)",2024-06-23 13:07:15,2024-06-24 14:38:05,25.51388888888889,2024-6,0,0
457,"Book 3 Warehouse (7.08,7.09,7.17,7.19,7.20)",2024-06-23 13:07:23,2024-06-24 14:31:51,25.407777777777778,2024-6,0,0
458,Book 4 Warehouse (8.77),2024-06-23 13:07:31,2024-06-24 14:35:08,25.460277777777776,2024-6,0,0
459,Book 5 Warehouse (7.00-7.03),2024-06-23 13:07:41,2024-06-24 14:31:31,25.397222222222222,2024-6,0,0
460,Book 6 Warehouse (1.58),2024-06-23 13:07:50,2024-06-24 14:22:43,25.248055555555556,2024-6,0,0
461,"Book 7 Warehouse (1.02,1.08,5.29)",2024-06-23 14:12:47,2024-06-24 14:04:27,23.86111111111111,2024-6,0,1
462,Book 1 Warehouse (8.72),2024-06-23 14:21:55,2024-06-24 14:36:40,24.245833333333334,2024-6,0,0
463,"Book 2 Warehouse (8.71,8.46,8.47)",2024-06-24 13:07:15,2024-06-24 14:38:05,1.5138888888888888,2024-6,1,1
464,"Book 3 Warehouse (7.08,7.09,7.17,7.19,7.20)",2024-06-24 13:07:23,2024-06-24 14:31:51,1.4077777777777778,2024-6,1,1
465,Book 4 Warehouse (8.77),2024-06-24 13:07:31,2024-06-24 14:35:08,1.4602777777777778,2024-6,1,1
466,Book 5 Warehouse (7.00-7.03),2024-06-24 13:07:41,2024-06-24 14:31:31,1.3972222222222221,2024-6,1,1
467,IDF/Server Room (1.53),2024-06-29 13:06:24,2024-07-01 15:00:22,49.89944444444444,2024-6,0,0
468,IDF/Server Room (1.92),2024-06-29 13:10:05,2024-07-01 15:03:40,49.893055555555556,2024-6,0,0
469,"Book 2 Warehouse (8.71,8.46,8.47)",2024-06-30 13:07:15,2024-07-01 14:40:26,25.553055555555556,2024-6,0,0
470,"Book 3 Warehouse (7.08,7.09,7.17,7.19,7.20)",2024-06-30 13:07:23,2024-07-01 14:56:23,25.816666666666666,2024-6,0,0
471,Book 4 Warehouse (8.77),2024-06-30 13:07:31,2024-07-01 14:35:41,25.469444444444445,2024-6,0,0
472,Book 5 Warehouse (7.00-7.03),2024-06-30 13:07:41,2024-07-01 14:56:48,25.81861111111111,2024-6,0,0
473,Book 6 Warehouse (1.58),2024-06-30 13:07:50,2024-07-01 14:59:18,25.857777777777777,2024-6,0,0
474,"Book 7 Warehouse (1.02,1.08,5.29)",2024-06-30 14:12:47,2024-07-01 15:01:15,24.807777777777776,2024-6,0,0
475,Book 1 Warehouse (8.72),2024-06-30 14:21:55,2024-07-01 14:39:21,24.290555555555557,2024-6,0,0
476,"Book 2 Warehouse (8.71,8.46,8.47)",2024-07-01 13:07:15,2024-07-01 14:40:26,1.5530555555555556,2024-7,1,1
477,"Book 3 Warehouse (7.08,7.09,7.17,7.19,7.20)",2024-07-01 13:07:23,2024-07-01 14:56:23,1.8166666666666667,2024-7,1,1
478,Book 4 Warehouse (8.77),2024-07-01 13:07:31,2024-07-01 14:35:41,1.4694444444444446,2024-7,1,1
479,Book 5 Warehouse (7.00-7.03),2024-07-01 13:07:41,2024-07-01 14:56:48,1.8186111111111112,2024-7,1,1
480,Book 6 Warehouse (1.58),2024-07-01 13:07:50,2024-07-01 14:59:18,1.8577777777777778,2024-7,1,1
481,"Book 7 Warehouse (1.02,1.08,5.29)",2024-07-01 14:12:47,2024-07-01 15:01:15,0.8077777777777778,2024-7,1,1
482,Book 1 Warehouse (8.72),2024-07-01 14:21:55,2024-07-01 14:39:21,0.29055555555555557,2024-7,1,1
483,Book 4 Warehouse (8.77),2024-07-02 03:59:59,2024-07-02 15:08:28,11.141388888888889,2024-7,1,1
484,Book 1 Warehouse (8.72),2024-07-02 03:59:59,2024-07-02 15:06:38,11.110833333333334,2024-7,1,1
485,Book 6 Warehouse (1.58),2024-07-02 03:59:59,2024-07-02 14:47:49,10.797222222222222,2024-7,1,1
486,Book 5 Warehouse (7.00-7.03),2024-07-02 03:59:59,2024-07-02 14:52:36,10.876944444444444,2024-7,1,1
487,"Book 3 Warehouse (7.08,7.09,7.17,7.19,7.20)",2024-07-02 03:59:59,2024-07-02 14:54:33,10.909444444444444,2024-7,1,1
488,"Book 7 Warehouse (1.02,1.08,5.29)",2024-07-02 03:59:59,2024-07-02 14:37:39,10.627777777777778,2024-7,1,1
489,Book 6 Warehouse (1.58),2024-07-06 20:27:20,2024-07-08 14:30:10,42.047222222222224,2024-7,0,0
490,Book 5 Warehouse (7.00-7.03),2024-07-06 20:39:30,2024-07-08 14:36:04,41.94277777777778,2024-7,0,0
491,"Book 3 Warehouse (7.08,7.09,7.17,7.19,7.20)",2024-07-06 20:41:33,2024-07-08 14:36:32,41.91638888888889,2024-7,0,0
492,"Book 2 Warehouse (8.71,8.46,8.47)",2024-07-06 20:43:15,2024-07-08 14:43:12,41.99916666666667,2024-7,0,0
493,Book 1 Warehouse (8.72),2024-07-06 20:43:52,2024-07-08 14:40:59,41.95194444444444,2024-7,0,0
494,Book 4 Warehouse (8.77),2024-07-06 20:44:32,2024-07-08 14:39:29,41.91583333333333,2024-7,0,0
495,"Book 7 Warehouse (1.02,1.08,5.29)",2024-07-06 20:48:27,2024-07-08 14:29:25,41.68277777777778,2024-7,0,0
496,Book 6 Warehouse (1.58),2024-07-07 20:27:20,2024-07-08 14:30:10,18.04722222222222,2024-7,0,1
497,Book 5 Warehouse (7.00-7.03),2024-07-07 20:39:30,2024-07-08 14:36:04,17.942777777777778,2024-7,0,1
498,"Book 3 Warehouse (7.08,7.09,7.17,7.19,7.20)",2024-07-07 20:41:33,2024-07-08 14:36:32,17.91638888888889,2024-7,0,1
499,"Book 2 Warehouse (8.71,8.46,8.47)",2024-07-07 20:43:15,2024-07-08 14:43:12,17.999166666666667,2024-7,0,1
500,Book 1 Warehouse (8.72),2024-07-07 20:43:52,2024-07-08 14:40:59,17.951944444444443,2024-7,0,1
501,Book 4 Warehouse (8.77),2024-07-07 20:44:32,2024-07-08 14:39:29,17.91583333333333,2024-7,0,1
502,"Book 7 Warehouse (1.02,1.08,5.29)",2024-07-07 20:48:27,2024-07-08 14:29:25,17.682777777777776,2024-7,0,1
503,Book 6 Warehouse (1.58),2024-07-13 20:27:20,2024-07-15 14:02:07,41.57972222222222,2024-7,0,0
504,Book 5 Warehouse (7.00-7.03),2024-07-13 20:39:30,2024-07-15 14:04:19,41.41361111111111,2024-7,0,0
505,"Book 3 Warehouse (7.08,7.09,7.17,7.19,7.20)",2024-07-13 20:41:33,2024-07-15 14:04:54,41.38916666666667,2024-7,0,0
506,"Book 2 Warehouse (8.71,8.46,8.47)",2024-07-13 20:43:15,2024-07-15 14:13:39,41.50666666666667,2024-7,0,0
507,Book 1 Warehouse (8.72),2024-07-13 20:43:52,2024-07-15 14:18:41,41.58027777777778,2024-7,0,0
508,Book 4 Warehouse (8.77),2024-07-13 20:44:32,2024-07-15 14:19:38,41.585,2024-7,0,0
509,"Book 7 Warehouse (1.02,1.08,5.29)",2024-07-13 20:48:27,2024-07-15 14:01:14,41.213055555555556,2024-7,0,0
510,Book 6 Warehouse (1.58),2024-07-14 20:27:20,2024-07-15 14:02:07,17.579722222222223,2024-7,0,1
511,Book 5 Warehouse (7.00-7.03),2024-07-14 20:39:30,2024-07-15 14:04:19,17.413611111111113,2024-7,0,1
512,"Book 3 Warehouse (7.08,7.09,7.17,7.19,7.20)",2024-07-14 20:41:33,2024-07-15 14:04:54,17.389166666666668,2024-7,0,1
513,Book 1 Warehouse (8.72),2024-07-14 20:43:52,2024-07-15 14:18:41,17.580277777777777,2024-7,0,1
514,Book 4 Warehouse (8.77),2024-07-27 20:44:32,2024-07-29 13:15:18,40.51277777777778,2024-7,0,0
515,"Book 7 Warehouse (1.02,1.08,5.29)",2024-07-27 20:48:27,2024-07-29 13:38:07,40.827777777777776,2024-7,0,0
516,Book 6 Warehouse (1.58),2024-07-28 20:27:20,2024-07-29 13:38:48,17.191111111111113,2024-7,0,1
517,Book 5 Warehouse (7.00-7.03),2024-07-28 20:39:30,2024-07-29 13:32:54,16.89,2024-7,0,1
518,"Book 3 Warehouse (7.08,7.09,7.17,7.19,7.20)",2024-07-28 20:41:33,2024-07-29 13:32:26,16.848055555555554,2024-7,0,1
519,"Book 2 Warehouse (8.71,8.46,8.47)",2024-07-28 20:43:15,2024-07-29 13:22:14,16.649722222222223,2024-7,0,1
520,Book 1 Warehouse (8.72),2024-07-28 20:43:52,2024-07-29 13:21:10,16.621666666666666,2024-7,0,1
521,Book 4 Warehouse (8.77),2024-07-28 20:44:32,2024-07-29 13:15:18,16.512777777777778,2024-7,0,1
522,"Book 7 Warehouse (1.02,1.08,5.29)",2024-07-28 20:48:27,2024-07-29 13:38:07,16.82777777777778,2024-7,0,1
523,Book 6 Warehouse (1.58),2024-08-03 20:27:20,2024-08-05 14:24:05,41.94583333333333,2024-8,0,0
524,Book 5 Warehouse (7.00-7.03),2024-08-03 20:39:30,2024-08-05 14:29:04,41.82611111111111,2024-8,0,0
525,"Book 3 Warehouse (7.08,7.09,7.17,7.19,7.20)",2024-08-03 20:41:33,2024-08-05 14:29:26,41.79805555555556,2024-8,0,0
526,"Book 2 Warehouse (8.71,8.46,8.47)",2024-08-03 20:43:15,2024-08-05 14:42:38,41.98972222222222,2024-8,0,0
527,Book 1 Warehouse (8.72),2024-08-03 20:43:52,2024-08-05 14:45:45,42.03138888888889,2024-8,0,0
528,Book 4 Warehouse (8.77),2024-08-03 20:44:32,2024-08-05 14:50:53,42.10583333333334,2024-8,0,0
529,"Book 7 Warehouse (1.02,1.08,5.29)",2024-08-03 20:48:27,2024-08-05 14:22:58,41.57527777777778,2024-8,0,0
530,Book 6 Warehouse (1.58),2024-08-04 20:27:20,2024-08-05 14:24:05,17.945833333333333,2024-8,0,1
531,Book 5 Warehouse (7.00-7.03),2024-08-04 20:39:30,2024-08-05 14:29:04,17.82611111111111,2024-8,0,1
532,"Book 3 Warehouse (7.08,7.09,7.17,7.19,7.20)",2024-08-04 20:41:33,2024-08-05 14:29:26,17.798055555555557,2024-8,0,1
533,"Book 2 Warehouse (8.71,8.46,8.47)",2024-08-04 20:43:15,2024-08-05 14:42:38,17.989722222222223,2024-8,0,1
534,Book 1 Warehouse (8.72),2024-08-04 20:43:52,2024-08-05 14:45:45,18.031388888888888,2024-8,0,1
535,Book 4 Warehouse (8.77),2024-08-04 20:44:32,2024-08-05 14:50:53,18.105833333333333,2024-8,0,1
536,"Book 7 Warehouse (1.02,1.08,5.29)",2024-08-04 20:48:27,2024-08-05 14:22:58,17.575277777777778,2024-8,0,1
537,Book 6 Warehouse (1.58),2024-08-10 20:27:20,2024-08-12 13:59:58,41.54388888888889,2024-8,0,0
538,Book 5 Warehouse (7.00-7.03),2024-08-10 20:39:30,2024-08-12 14:02:43,41.386944444444445,2024-8,0,0
539,"Book 3 Warehouse (7.08,7.09,7.17,7.19,7.20)",2024-08-10 20:41:33,2024-08-12 14:03:05,41.35888888888889,2024-8,0,0
540,"Book 2 Warehouse (8.71,8.46,8.47)",2024-08-10 20:43:15,2024-08-12 14:09:26,41.43638888888889,2024-8,0,0
541,Book 1 Warehouse (8.72),2024-08-10 20:43:52,2024-08-12 14:07:03,41.38638888888889,2024-8,0,0
542,Book 4 Warehouse (8.77),2024-08-10 20:44:32,2024-08-12 14:05:42,41.352777777777774,2024-8,0,0
543,"Book 7 Warehouse (1.02,1.08,5.29)",2024-08-10 20:48:27,2024-08-12 13:59:18,41.18083333333333,2024-8,0,0
544,Book 6 Warehouse (1.58),2024-08-11 20:27:20,2024-08-12 13:59:58,17.54388888888889,2024-8,0,1
545,Book 5 Warehouse (7.00-7.03),2024-08-11 20:39:30,2024-08-12 14:02:43,17.386944444444445,2024-8,0,1
546,"Book 3 Warehouse (7.08,7.09,7.17,7.19,7.20)",2024-08-11 20:41:33,2024-08-12 14:03:05,17.358888888888888,2024-8,0,1
547,"Book 2 Warehouse (8.71,8.46,8.47)",2024-08-11 20:43:15,2024-08-12 14:09:26,17.43638888888889,2024-8,0,1
548,Book 1 Warehouse (8.72),2024-08-11 20:43:52,2024-08-12 14:07:03,17.386388888888888,2024-8,0,1
549,Book 4 Warehouse (8.77),2024-08-11 20:44:32,2024-08-12 14:05:42,17.352777777777778,2024-8,0,1
550,"Book 7 Warehouse (1.02,1.08,5.29)",2024-08-11 20:48:27,2024-08-12 13:59:18,17.180833333333332,2024-8,0,1
551,Book 6 Warehouse (1.58),2024-08-17 20:27:20,2024-08-19 14:30:01,42.04472222222222,2024-8,0,0
552,Book 5 Warehouse (7.00-7.03),2024-08-17 20:39:30,2024-08-19 14:32:19,41.88027777777778,2024-8,0,0
553,"Book 3 Warehouse (7.08,7.09,7.17,7.19,7.20)",2024-08-17 20:41:33,2024-08-19 14:32:47,41.85388888888889,2024-8,0,0
554,Book 1 Warehouse (8.72),2024-08-17 20:43:52,2024-08-19 14:38:15,41.90638888888889,2024-8,0,0
555,"Book 7 Warehouse (1.02,1.08,5.29)",2024-08-25 20:48:27,2024-08-26 14:11:10,17.378611111111113,2024-8,0,1
556,"IDF/Server Room (2.24,2.25)",2024-08-29 12:26:30,2024-08-29 14:22:33,1.9341666666666666,2024-8,1,1
557,Book 6 Warehouse (1.58),2024-08-31 20:27:20,2024-09-02 18:17:52,45.84222222222222,2024-8,0,0
558,Book 5 Warehouse (7.00-7.03),2024-08-31 20:39:30,2024-09-02 18:15:25,45.59861111111111,2024-8,0,0
559,"Book 3 Warehouse (7.08,7.09,7.17,7.19,7.20)",2024-08-31 20:41:33,2024-09-02 18:14:37,45.55111111111111,2024-8,0,0
560,"Book 2 Warehouse (8.71,8.46,8.47)",2024-08-31 20:43:15,2024-09-02 18:09:34,45.43861111111111,2024-8,0,0
561,Book 1 Warehouse (8.72),2024-08-31 20:43:52,2024-09-02 18:07:55,45.40083333333333,2024-8,0,0
562,Book 4 Warehouse (8.77),2024-08-31 20:44:32,2024-09-02 18:11:50,45.455,2024-8,0,0
563,"Book 7 Warehouse (1.02,1.08,5.29)",2024-08-31 20:48:27,2024-09-02 18:20:56,45.54138888888889,2024-8,0,0
564,Book 6 Warehouse (1.58),2024-09-01 20:27:20,2024-09-02 18:17:52,21.842222222222222,2024-9,0,1
565,Book 5 Warehouse (7.00-7.03),2024-09-01 20:39:30,2024-09-02 18:15:25,21.59861111111111,2024-9,0,1
566,"Book 3 Warehouse (7.08,7.09,7.17,7.19,7.20)",2024-09-01 20:41:33,2024-09-02 18:14:37,21.551111111111112,2024-9,0,1
567,"Book 2 Warehouse (8.71,8.46,8.47)",2024-09-01 20:43:15,2024-09-02 18:09:34,21.43861111111111,2024-9,0,1
568,Book 1 Warehouse (8.72),2024-09-01 20:43:52,2024-09-02 18:07:55,21.400833333333335,2024-9,0,1
569,Book 4 Warehouse (8.77),2024-09-01 20:44:32,2024-09-02 18:11:50,21.455,2024-9,0,1
570,"Book 7 Warehouse (1.02,1.08,5.29)",2024-09-01 20:48:27,2024-09-02 18:20:56,21.54138888888889,2024-9,0,1
571,"Book 3 Warehouse (7.08,7.09,7.17,7.19,7.20)",2024-09-02 03:59:59,2024-09-02 18:14:58,14.249722222222223,2024-9,0,1
572,Book 4 Warehouse (8.77),2024-09-02 03:59:59,2024-09-02 18:12:19,14.205555555555556,2024-9,0,1
573,Book 1 Warehouse (8.72),2024-09-02 03:59:59,2024-09-02 18:08:27,14.141111111111112,2024-9,0,1
574,Book 5 Warehouse (7.00-7.03),2024-09-02 03:59:59,2024-09-02 18:15:44,14.2625,2024-9,0,1
575,"Novo Nordisk, 3612, Powhatan Road",2024-09-02 03:59:59,2024-09-02 18:08:27,14.141111111111112,2024-9,0,1
576,Book 6 Warehouse (1.58),2024-09-02 03:59:59,2024-09-02 18:18:33,14.309444444444445,2024-9,0,1
577,Book 6 Warehouse (1.58),2024-09-08 20:27:20,2024-09-09 14:22:50,17.925,2024-9,0,1
578,Book 5 Warehouse (7.00-7.03),2024-09-08 20:39:30,2024-09-09 14:24:51,17.75583333333333,2024-9,0,1
579,"Book 3 Warehouse (7.08,7.09,7.17,7.19,7.20)",2024-09-08 20:41:33,2024-09-09 14:25:18,17.729166666666668,2024-9,0,1
580,"Book 2 Warehouse (8.71,8.46,8.47)",2024-09-08 20:43:15,2024-09-09 14:31:39,17.80666666666667,2024-9,0,1
581,Book 1 Warehouse (8.72),2024-09-08 20:43:52,2024-09-09 14:30:33,17.778055555555557,2024-9,0,1
582,Book 4 Warehouse (8.77),2024-09-08 20:44:32,2024-09-09 14:28:19,17.72972222222222,2024-9,0,1
583,"Book 7 Warehouse (1.02,1.08,5.29)",2024-09-08 20:48:27,2024-09-09 14:22:07,17.56111111111111,2024-9,0,1
584,Book 6 Warehouse (1.58),2024-09-14 20:27:20,2024-09-16 14:02:40,41.58888888888889,2024-9,0,0
585,Book 5 Warehouse (7.00-7.03),2024-09-14 20:39:30,2024-09-16 14:07:26,41.465555555555554,2024-9,0,0
586,"Book 3 Warehouse (7.08,7.09,7.17,7.19,7.20)",2024-09-14 20:41:33,2024-09-16 14:07:58,41.44027777777778,2024-9,0,0
587,"Book 2 Warehouse (8.71,8.46,8.47)",2024-09-14 20:43:15,2024-09-16 14:19:10,41.59861111111111,2024-9,0,0
588,Book 1 Warehouse (8.72),2024-09-14 20:43:52,2024-09-16 14:21:41,41.63027777777778,2024-9,0,0
589,Book 4 Warehouse (8.77),2024-09-14 20:44:32,2024-09-16 14:23:59,41.6575,2024-9,0,0
590,"Book 7 Warehouse (1.02,1.08,5.29)",2024-09-14 20:48:27,2024-09-16 14:01:44,41.22138888888889,2024-9,0,0
591,Book 6 Warehouse (1.58),2024-09-15 20:27:20,2024-09-16 14:02:40,17.58888888888889,2024-9,0,1
592,Book 5 Warehouse (7.00-7.03),2024-09-15 20:39:30,2024-09-16 14:07:26,17.465555555555557,2024-9,0,1
593,"Book 3 Warehouse (7.08,7.09,7.17,7.19,7.20)",2024-09-15 20:41:33,2024-09-16 14:07:58,17.440277777777776,2024-9,0,1
594,"Book 2 Warehouse (8.71,8.46,8.47)",2024-09-15 20:43:15,2024-09-16 14:19:10,17.59861111111111,2024-9,0,1
595,Book 1 Warehouse (8.72),2024-09-15 20:43:52,2024-09-16 14:21:41,17.630277777777778,2024-9,0,1
596,Book 4 Warehouse (8.77),2024-09-15 20:44:32,2024-09-16 14:23:59,17.6575,2024-9,0,1
597,"Book 7 Warehouse (1.02,1.08,5.29)",2024-09-15 20:48:27,2024-09-16 14:01:44,17.22138888888889,2024-9,0,1
598,Book 6 Warehouse (1.58),2024-09-21 20:27:20,2024-09-23 14:07:51,41.67527777777778,2024-9,0,0
599,Book 5 Warehouse (7.00-7.03),2024-09-21 20:39:30,2024-09-23 14:12:50,41.55555555555556,2024-9,0,0
600,"Book 3 Warehouse (7.08,7.09,7.17,7.19,7.20)",2024-09-21 20:41:33,2024-09-23 14:13:23,41.53055555555556,2024-9,0,0
601,"Book 2 Warehouse (8.71,8.46,8.47)",2024-09-21 20:43:15,2024-09-23 14:20:07,41.614444444444445,2024-9,0,0
602,Book 1 Warehouse (8.72),2024-09-21 20:43:52,2024-09-23 14:18:37,41.579166666666666,2024-9,0,0
603,Book 4 Warehouse (8.77),2024-09-21 20:44:32,2024-09-23 14:16:42,41.53611111111111,2024-9,0,0
604,"Book 7 Warehouse (1.02,1.08,5.29)",2024-09-21 20:48:27,2024-09-23 14:06:56,41.308055555555555,2024-9,0,0
605,Book 6 Warehouse (1.58),2024-09-22 20:27:20,2024-09-23 14:07:51,17.67527777777778,2024-9,0,1
606,Book 5 Warehouse (7.00-7.03),2024-09-22 20:39:30,2024-09-23 14:12:50,17.555555555555557,2024-9,0,1
607,"Book 3 Warehouse (7.08,7.09,7.17,7.19,7.20)",2024-09-22 20:41:33,2024-09-23 14:13:23,17.530555555555555,2024-9,0,1
608,"Book 2 Warehouse (8.71,8.46,8.47)",2024-09-22 20:43:15,2024-09-23 14:20:07,17.614444444444445,2024-9,0,1
609,Book 1 Warehouse (8.72),2024-09-22 20:43:52,2024-09-23 14:18:37,17.579166666666666,2024-9,0,1
610,Book 4 Warehouse (8.77),2024-09-22 20:44:32,2024-09-23 14:16:42,17.53611111111111,2024-9,0,1
611,"Book 7 Warehouse (1.02,1.08,5.29)",2024-09-22 20:48:27,2024-09-23 14:06:56,17.308055555555555,2024-9,0,1
612,Book 6 Warehouse (1.58),2024-09-24 15:04:02,2024-09-30 19:38:48,148.57944444444445,2024-9,0,0
613,Book 5 Warehouse (7.00-7.03),2024-09-28 20:39:30,2024-09-30 13:28:25,40.81527777777778,2024-9,0,0
614,"Book 3 Warehouse (7.08,7.09,7.17,7.19,7.20)",2024-09-28 20:41:33,2024-09-30 13:27:42,40.76916666666666,2024-9,0,0
615,"Book 2 Warehouse (8.71,8.46,8.47)",2024-09-28 20:43:15,2024-09-30 13:23:01,40.66277777777778,2024-9,0,0
616,IDF/Server Room (1.53),2024-09-29 13:29:15,2024-09-30 13:37:20,24.134722222222223,2024-9,0,0
617,IDF/Server Room (1.92),2024-09-29 13:43:38,2024-09-30 19:35:14,29.86,2024-9,0,0
618,"IDF/Server Room (2.24,2.25)",2024-09-29 14:22:35,2024-09-30 12:17:50,21.920833333333334,2024-9,0,1
619,Book 5 Warehouse (7.00-7.03),2024-09-29 20:39:30,2024-09-30 13:28:25,16.815277777777776,2024-9,0,1
620,"Book 3 Warehouse (7.08,7.09,7.17,7.19,7.20)",2024-09-29 20:41:33,2024-09-30 13:27:42,16.769166666666667,2024-9,0,1
621,"Book 2 Warehouse (8.71,8.46,8.47)",2024-09-29 20:43:15,2024-09-30 13:23:01,16.662777777777777,2024-9,0,1
622,Book 1 Warehouse (8.72),2024-09-29 20:43:52,2024-09-30 13:21:06,16.620555555555555,2024-9,0,1
623,Book 4 Warehouse (8.77),2024-09-29 20:44:32,2024-09-30 13:15:13,16.511388888888888,2024-9,0,1
624,"Book 7 Warehouse (1.02,1.08,5.29)",2024-09-29 20:48:27,2024-09-30 13:35:24,16.7825,2024-9,0,1
